SK_ID_CURR,SK_ID_CURR
100107.0,0.09259443901903444
100128.0,0.10820894726763511
100561.0,0.06620135904985348
100699.0,0.06736792325961051
100770.0,0.12734103456831428
100872.0,0.15871334893660594
101368.0,0.02652901799908781
101602.0,0.11949112356096615
101649.0,0.048745697021262344
101903.0,0.1573600435617499
102068.0,0.05900538577136067
102315.0,0.06463583633372387
102403.0,0.054633086400458906
102413.0,0.06392856467678575
102465.0,0.025611366848182483
102506.0,0.11293942906946139
102545.0,0.04524075090304519
102592.0,0.11969160712174712
102597.0,0.1598643990946115
102655.0,0.05197617255031831
102763.0,0.06494928243259754
103280.0,0.057222236383519816
103733.0,0.09781939705511078
104131.0,0.014468266091041272
104149.0,0.05121239847142987
104402.0,0.05127341209766792
104502.0,0.030256744517726232
105203.0,0.058794397448432976
105357.0,0.10662793572239501
105452.0,0.03544762815019608
105470.0,0.04352387326894074
105641.0,0.06722918557125644
105648.0,0.08391805958585234
105737.0,0.04614413533028767
105744.0,0.14432478458790488
105758.0,0.0606194484855371
105979.0,0.06362329740326117
106754.0,0.09019610959194936
106817.0,0.13698421356129853
106851.0,0.10874298845597763
106914.0,0.05021724678436566
106924.0,0.13873239094421977
107246.0,0.0856498031880377
107256.0,0.0297177035424909
107530.0,0.01648014885926629
107677.0,0.012375524805716128
107807.0,0.09750038886089081
108184.0,0.15392181565104796
108218.0,0.06735228184524236
108436.0,0.03359404641634226
109152.0,0.13472004618336017
109184.0,0.07598964405047677
109336.0,0.05086114527701641
109367.0,0.04014333163318836
110080.0,0.08367276696763763
110355.0,0.02303514387778212
110559.0,0.15172220890718316
110636.0,0.04077847035066252
110691.0,0.033663082078254414
111180.0,0.04803575223323539
111408.0,0.07236302397270719
111703.0,0.026890694796646193
111712.0,0.03299920235611539
111804.0,0.14881146973941425
111857.0,0.02432957306840049
111877.0,0.05597963906410781
112042.0,0.0682234791413082
112170.0,0.1127074779653333
112224.0,0.07092731373894855
112535.0,0.10363984279116999
112676.0,0.04982883054764057
112677.0,0.08881905755522809
113175.0,0.1481318357678611
113362.0,0.052126944987917985
113466.0,0.1010715307937694
113475.0,0.04471961256859198
113549.0,0.026222022571884746
114201.0,0.09504930824218609
114222.0,0.05563068603689735
114562.0,0.10264145113275992
114667.0,0.04155491816989587
114791.0,0.06678640689744235
115059.0,0.08156299415316601
115175.0,0.06319949247445379
115217.0,0.05410366454019521
115311.0,0.04088984688075137
115480.0,0.127840296191402
115877.0,0.12076029398267538
116168.0,0.05376325143340155
116289.0,0.08325221087797002
116424.0,0.19685863533490283
116428.0,0.039431189493980084
116448.0,0.0951929081025392
116479.0,0.06180126600028901
116525.0,0.09104081224653963
116633.0,0.01711454528291907
116729.0,0.045159287457852706
117531.0,0.1568186232484514
117653.0,0.11818324095893692
117775.0,0.021176898176876086
117854.0,0.059220813004043055
117886.0,0.027915501534018474
117981.0,0.04055701972443585
118202.0,0.15264372135274473
118264.0,0.09453976243613083
118368.0,0.13332884904740133
118532.0,0.03680893833318084
118641.0,0.07681754254286388
118823.0,0.07619025548286178
119205.0,0.031821233756211216
119318.0,0.08174727303586914
119474.0,0.049766138448756395
119618.0,0.029297879109689846
119947.0,0.038499927556902645
120088.0,0.00830728668136
120156.0,0.18589493527478432
120298.0,0.04548052426074695
120343.0,0.06059554108663159
120581.0,0.11542293363536862
120982.0,0.061268827204314
121350.0,0.04692247894586063
121556.0,0.08449771065524322
121618.0,0.06391193125685761
121968.0,0.05918710003330063
122256.0,0.02874301955191119
122260.0,0.055771034422532256
122283.0,0.09675682176270164
122477.0,0.043800784802357155
122557.0,0.06264190210391476
122816.0,0.15337733279125793
122850.0,0.012906213895000187
123046.0,0.024482895492678937
123182.0,0.05718104514485815
123365.0,0.05059677736638227
123952.0,0.13472138414753296
124545.0,0.11658100280561473
124658.0,0.07729173328624007
124696.0,0.07127272207404842
124793.0,0.07729377967021174
124868.0,0.02252878424053506
124971.0,0.0582093221495227
125190.0,0.04582436749244684
125366.0,0.03179822287928605
125376.0,0.06185755049832944
125436.0,0.05280948790190083
125519.0,0.12251643909857526
125524.0,0.12448396971017422
125531.0,0.15944926860469502
126016.0,0.08621784571315692
126205.0,0.14315234438231383
126538.0,0.05696429680118107
126549.0,0.08100518249428992
126611.0,0.06842471223878958
126732.0,0.03334125089024486
126763.0,0.07083817946574765
126822.0,0.03126616455248247
127207.0,0.0632446378174366
127400.0,0.0831529349574239
127464.0,0.09161540789114006
127582.0,0.06316242603347505
127720.0,0.0568610224607275
127835.0,0.03496889949771639
128213.0,0.05133508009701887
128545.0,0.033736069225796604
129230.0,0.05862415811684587
129533.0,0.0720044954983236
129611.0,0.19354795932702418
129823.0,0.13362255681254429
129987.0,0.057674575451950004
130048.0,0.10455143959588224
130260.0,0.05573571360675089
130490.0,0.12072582380966723
131088.0,0.06325872861168234
131093.0,0.14283159648815338
131476.0,0.022156577132530757
131549.0,0.052445543746033184
132095.0,0.029919266713937964
132121.0,0.046322224151248766
132319.0,0.04661304755749608
132463.0,0.07587245755578764
132629.0,0.04374992954221316
132719.0,0.03090908730366233
132775.0,0.161338566109202
132912.0,0.09283502478890175
132916.0,0.031019689245132227
132969.0,0.043027078272099
132983.0,0.03002173005412737
133551.0,0.10811696518450503
133777.0,0.04455363642255453
133793.0,0.09543208052810528
134293.0,0.09041622901028368
134514.0,0.018417971613795107
134528.0,0.1123320579508131
134546.0,0.03512324467293135
134549.0,0.014779594185259667
135078.0,0.08140242729472068
135243.0,0.12941769652921886
135271.0,0.04265368051381005
135387.0,0.05829785841758927
135390.0,0.10315786390969109
135409.0,0.06490839236675297
135461.0,0.03028069232115748
135578.0,0.029724622005916024
136625.0,0.102731993501684
136832.0,0.04322984556742877
137254.0,0.05588783217678406
137726.0,0.024809620594068812
137741.0,0.05000531257603812
137936.0,0.051566951389942335
138084.0,0.0733534489881241
138086.0,0.041332601633894024
138465.0,0.05538888087691914
138496.0,0.09773707555477894
138674.0,0.04617281463389277
138992.0,0.07060264917287974
139290.0,0.06285582283092216
139653.0,0.11724522642747197
139755.0,0.040500524652205834
139903.0,0.06092586485941365
140204.0,0.12378460613578086
140381.0,0.035582481165240154
140779.0,0.04174875743465563
141255.0,0.10172116849182813
141390.0,0.09641750122372188
141422.0,0.07962798020168162
142273.0,0.0550485653432184
142407.0,0.016344614974823028
142653.0,0.0975994368712246
143152.0,0.019815002829118415
143555.0,0.09180721257456011
143964.0,0.024172475517156684
144154.0,0.11668587445809757
144168.0,0.03035655724457953
144237.0,0.06251646577800588
144612.0,0.03152971130847308
144654.0,0.05809692290016908
144690.0,0.03314558717571324
145677.0,0.04643371448430525
146115.0,0.02249297604480172
146344.0,0.027929958164196977
146384.0,0.06425681644636613
146512.0,0.07124096468781645
146730.0,0.07784581466583153
147127.0,0.04096957374583026
147382.0,0.032028896263106156
147541.0,0.14976430777648825
147713.0,0.13990067926406333
147786.0,0.015401438131790365
147793.0,0.19077129736983472
148025.0,0.12995046190245285
148449.0,0.038987175545085746
148451.0,0.08916039270226508
148791.0,0.045005987143236476
148849.0,0.03227952508144479
149025.0,0.037232128988534056
150070.0,0.013070970852811843
150074.0,0.16500784727733034
150132.0,0.10716907459158125
150299.0,0.03254938481582033
150310.0,0.04345423947944917
150311.0,0.18532166806158218
150532.0,0.08786345236668419
150577.0,0.041176032121150986
150820.0,0.0489449857580394
151153.0,0.03538407173251649
151186.0,0.0693852299158706
151303.0,0.09972309408459126
151528.0,0.11889929670786108
151785.0,0.05279367013293271
152091.0,0.09001742830764484
152100.0,0.07652056099166496
152129.0,0.06443397773300015
152438.0,0.04483440987745347
152823.0,0.09719931753975158
153105.0,0.13908830962788143
153224.0,0.04220202553508312
153625.0,0.048297054797244304
153821.0,0.023381992404242807
153823.0,0.08506515439614787
153886.0,0.026627240101814782
153980.0,0.04373423204651874
154227.0,0.05626149246317038
154325.0,0.08211049367729513
154529.0,0.02906258239137506
155144.0,0.027130047631243444
155346.0,0.04465852415495262
155382.0,0.04269387142106398
155450.0,0.01991704539711072
155629.0,0.0456581664685269
155755.0,0.02879632762705705
155937.0,0.06751294838914237
156107.0,0.08793798110036723
156430.0,0.1465085431891159
156555.0,0.11740876479046095
157168.0,0.07130967174302251
157363.0,0.06336239688905458
157571.0,0.0515090640628505
157575.0,0.026085261895928465
158004.0,0.10279652466952806
158033.0,0.024232538567145526
158099.0,0.02978982069235148
158107.0,0.16615345918598146
158642.0,0.04508599148496183
158806.0,0.0838847787885144
158977.0,0.07217867793536953
159775.0,0.02031621845376991
159906.0,0.04101785335033094
159917.0,0.12336292023328956
160101.0,0.03315089369699315
160181.0,0.0737951842610635
160303.0,0.016194838724878324
160819.0,0.05084170183367317
160861.0,0.08066327375956837
160891.0,0.12303974284406656
160914.0,0.039392590050977574
161009.0,0.03094580702834633
161069.0,0.041037761201767435
161398.0,0.1308624140366248
161709.0,0.07450298208174191
161711.0,0.061837218104063056
161781.0,0.04855237519379486
161921.0,0.0466635969817412
161952.0,0.02856951945741608
162282.0,0.05254962065071101
162759.0,0.06591178098691358
162775.0,0.09214582153297703
163493.0,0.029151026225964397
163669.0,0.1217063997900729
163728.0,0.10848387650621218
163814.0,0.035512853983209636
164601.0,0.06107875123753237
164633.0,0.03511503665635674
164842.0,0.1033582513105046
164888.0,0.05883161242736139
164924.0,0.12954690174545094
165140.0,0.04999035832103269
165454.0,0.04184705110403063
165521.0,0.03800807621091036
165576.0,0.10463592278166392
166545.0,0.04335313709338884
166567.0,0.04863414143644408
167323.0,0.0671640667461913
167389.0,0.030559794343182574
167393.0,0.01705306915172974
167566.0,0.0395005756057558
167917.0,0.030580216003276327
168022.0,0.020982386374550903
168323.0,0.026373321376051008
168444.0,0.07522542771279328
168738.0,0.0385590795856941
168913.0,0.1129140388648511
169092.0,0.04072911568483341
169248.0,0.046530782529770415
169477.0,0.017727287784862617
170050.0,0.02677290362321601
170330.0,0.06350144448260141
170516.0,0.04140970703031619
170584.0,0.07795661075015617
170811.0,0.05199833857404325
170870.0,0.1922554732136119
170878.0,0.07333342178035426
170910.0,0.044067356882789954
171176.0,0.031655876840538694
171423.0,0.07157488092853367
171767.0,0.056024354252649906
171997.0,0.03979138425819698
172175.0,0.06816856543287915
172358.0,0.05938583426209562
172616.0,0.04954416511044356
172714.0,0.01923739787219156
172738.0,0.03837241662430952
172771.0,0.031100271581028495
172831.0,0.0800262003688381
173381.0,0.09973230636178577
173586.0,0.0804705654692093
173762.0,0.09693892428963788
174000.0,0.06730228989731249
174173.0,0.06913910101527744
174551.0,0.03967755295568231
174606.0,0.08024516002337904
174690.0,0.054384942922061565
174703.0,0.09994860745773541
174726.0,0.11744423807311698
174729.0,0.06525663318841356
174887.0,0.09500054921591895
175097.0,0.07458914003762523
175520.0,0.26299316913690285
175722.0,0.032439553381295456
175724.0,0.05760669222745487
175959.0,0.0783408366313729
175960.0,0.04768484585889209
176337.0,0.012680204296005713
176432.0,0.12639240507863742
176790.0,0.0222292868113736
177203.0,0.08837488827702043
177229.0,0.053319937173937106
177479.0,0.013875497354645808
177605.0,0.06742692626221239
177688.0,0.12838816654391227
177802.0,0.06255017543664917
177867.0,0.027368447031130918
177902.0,0.05255816367229799
177931.0,0.0812294982035184
178154.0,0.051971147963967
178225.0,0.15110130991647963
178421.0,0.01880662598797295
179177.0,0.05693577685656937
179229.0,0.04910811449996807
179460.0,0.12699598597304299
179926.0,0.06452713023085314
180178.0,0.13598036483684028
180270.0,0.06813434363315429
180286.0,0.04512752279431771
180293.0,0.018830635312047338
180399.0,0.045957255945923925
180587.0,0.040233603316822616
180795.0,0.058632706029519165
180858.0,0.04918921615390484
181071.0,0.05149130337515058
181318.0,0.048861062665167966
181385.0,0.11868752150408284
182327.0,0.04608410107043925
182342.0,0.09862178458932003
182465.0,0.056815340746593716
182921.0,0.07011027906905706
183064.0,0.04530987500338902
183162.0,0.1344566154180659
183180.0,0.04118653242212687
183282.0,0.06141898940823386
183336.0,0.08559234868847508
183360.0,0.12646624037710974
183439.0,0.09731933167664238
183451.0,0.10158377383188845
183690.0,0.0349927282239647
183832.0,0.03497307747439629
184656.0,0.06780698766401498
184866.0,0.08935682170714117
185442.0,0.03439761477842769
185604.0,0.03830544617796263
186151.0,0.0847432148573203
186473.0,0.05835623352036263
186508.0,0.06966578037996175
186960.0,0.10051189434512285
187603.0,0.12754476340805126
187637.0,0.086774021068281
187716.0,0.1075535124889568
187899.0,0.0936248697586135
187990.0,0.023531418625942338
188081.0,0.13101801581969819
188136.0,0.03304900250852297
188276.0,0.04682953599381495
188470.0,0.03307309156494041
188936.0,0.023407514293816333
189045.0,0.08317619256202362
189213.0,0.10741655728818635
189314.0,0.028594633071886432
189612.0,0.024635268248749495
189965.0,0.05353627428726302
190021.0,0.03539695105522436
190311.0,0.05547753199573644
190744.0,0.07906974408309608
190990.0,0.07698306908358568
190999.0,0.020130381316565745
191807.0,0.06617120366902307
191826.0,0.046465188248758914
192031.0,0.07813210117993805
192082.0,0.030484397779498042
192296.0,0.0757792449218777
192490.0,0.05874992260484605
192861.0,0.03770827045654325
193019.0,0.1006688295709688
193091.0,0.04129537035793942
193122.0,0.03475284137199396
193286.0,0.08386909403248369
193375.0,0.02978427951987235
193507.0,0.03846676880653291
193706.0,0.04962189676849534
193817.0,0.10594836788098447
193927.0,0.04377541795138567
194429.0,0.09001177061167552
194725.0,0.016825132247113427
194860.0,0.07136005947143417
194879.0,0.12877980976888567
195051.0,0.056800077975799695
195070.0,0.016505086484101338
195457.0,0.0702580686810608
195635.0,0.12303382671272764
195674.0,0.1271204713919478
195740.0,0.03653499152700489
195843.0,0.047647400982553954
195890.0,0.1358428981881324
195940.0,0.23425076451853985
196198.0,0.05458775722932337
196242.0,0.054790148666855644
196411.0,0.07477977919496154
196510.0,0.07866300137818001
196656.0,0.043950865454464465
196917.0,0.04015007076333656
197335.0,0.07471103568955116
197362.0,0.07378136123975904
197533.0,0.07351490427683727
198082.0,0.032985858918258185
198285.0,0.03892737563957765
198539.0,0.04174116280485549
198739.0,0.12324619190417481
198858.0,0.04880083518315982
198997.0,0.019557768710617082
199029.0,0.07847935869072242
199067.0,0.03895799128666329
199458.0,0.038101066390934094
199696.0,0.06250012767741525
199889.0,0.05460842930816865
200012.0,0.024020799554918572
200370.0,0.050050173621912136
200568.0,0.08923572889264494
200603.0,0.1831705401008379
200638.0,0.0523410227182661
200710.0,0.048392476164564754
200838.0,0.08099680096519593
200876.0,0.04954957146193062
201363.0,0.10521040999908729
201451.0,0.04613804627245372
201949.0,0.04093615965943338
202273.0,0.11665644353473721
202316.0,0.13486377373129702
202423.0,0.030364710914885944
202527.0,0.03766700983394945
202692.0,0.02631259337881961
202863.0,0.09653618364535815
202879.0,0.10525546067738682
203185.0,0.08419395085245533
203288.0,0.038909223917563976
203876.0,0.029559776686112666
204008.0,0.06923435857621262
204330.0,0.0374980625597326
204371.0,0.0051754556761626856
204846.0,0.0577865018929413
204856.0,0.055247587710647986
204959.0,0.061462301664459214
205209.0,0.05160543891703715
205244.0,0.0747204226322244
205264.0,0.059408489754399836
205690.0,0.037566488417295596
205744.0,0.053426333557793936
205750.0,0.03233054113996263
205931.0,0.07522511153937582
205960.0,0.07214833887678489
206006.0,0.05101755652569428
206291.0,0.06770910497891638
206563.0,0.05842361454159831
206681.0,0.05786792911995235
206721.0,0.11042667283886835
206927.0,0.041101035680072236
207040.0,0.03184973325251277
207171.0,0.026089243624704325
207256.0,0.06337116539216822
207714.0,0.04851633291622128
207724.0,0.062441345004218246
207727.0,0.015823329266536193
207921.0,0.06676892138131012
207922.0,0.05248162608686304
208235.0,0.04842905000299986
208322.0,0.07247765472999053
208360.0,0.020416732166116232
208400.0,0.05027819291366485
208455.0,0.0617679790153872
208551.0,0.07448388909322241
209078.0,0.08153974895136194
209739.0,0.10660971983102124
209749.0,0.02510337587119907
209838.0,0.07851599286353216
209839.0,0.03864596055966233
210147.0,0.13653668439575325
210401.0,0.1026661724132648
210523.0,0.07104656077669076
211131.0,0.09377449131116554
211296.0,0.07758840276215762
212092.0,0.044399018199117714
212132.0,0.01522500607370923
212191.0,0.021404340613688167
212277.0,0.1090447610629574
212289.0,0.05991041732161417
212343.0,0.09342364291406548
212389.0,0.1436021778695386
212409.0,0.09275918517071378
212525.0,0.07748574785064728
212957.0,0.013341355342993088
213018.0,0.06841748319706645
213205.0,0.04013064482739838
213838.0,0.10966346863709249
214242.0,0.04464315430018326
214476.0,0.12161172675744952
214861.0,0.026797519099951355
215064.0,0.05042346744915068
215331.0,0.03275262082867936
215653.0,0.017015959364912767
215739.0,0.05088125113582175
215947.0,0.027232334042972588
215999.0,0.025719440789704884
216041.0,0.14831728907426592
216143.0,0.02593504717367621
216442.0,0.07536057267611232
216471.0,0.07737652319362427
216516.0,0.040229493268695196
216627.0,0.1372310247593578
216904.0,0.07483564964638151
216999.0,0.03954183610759382
217055.0,0.019240828802153335
217086.0,0.020623494120985558
217493.0,0.058776078256138425
217796.0,0.10458289202480987
217864.0,0.03308768467362572
218099.0,0.03104007917986897
218680.0,0.07440163688198148
218934.0,0.04120478264931257
219001.0,0.04971335878435192
219616.0,0.029964457482406642
219775.0,0.06990551606679055
219817.0,0.02649602490370852
219940.0,0.06641676636827758
219975.0,0.038149010616852934
220094.0,0.04821572923092066
220582.0,0.043899278529597074
220594.0,0.041427323566275806
220755.0,0.06820712998193044
221565.0,0.03488194639916085
221573.0,0.040907323775220696
221876.0,0.02198261464557264
222432.0,0.07370267382328674
222577.0,0.08158032305175117
222994.0,0.04470517646927799
223058.0,0.03261987786816254
223503.0,0.010085562226208414
223718.0,0.03080045256783782
224080.0,0.0076142776122178355
224194.0,0.0306830607310438
224586.0,0.06862549114869533
224674.0,0.054518606715168685
224708.0,0.06632391610260749
224748.0,0.06242748414982886
224841.0,0.04832664916041923
225231.0,0.08012307519768762
225246.0,0.06093582997366572
225792.0,0.12345367727854063
226041.0,0.02026932046219016
226300.0,0.06470568794781244
226302.0,0.055797137147436913
226427.0,0.051982027895615415
226735.0,0.0023724605753951125
226837.0,0.041391143716666016
226884.0,0.0694532067999088
226965.0,0.05559957436977875
227009.0,0.06957399500564575
227343.0,0.0032592225398006716
227586.0,0.054014882462085766
227701.0,0.10366337687152287
227975.0,0.14931702866063923
228044.0,0.029425305198835586
228097.0,0.06983301561281999
228781.0,0.042405823718712335
228915.0,0.04828808122126059
229105.0,0.09265524677695179
229118.0,0.10507034079799572
229162.0,0.05454874254057606
229255.0,0.022496349453492888
229298.0,0.07979632598844415
229459.0,0.09451521983843515
229651.0,0.06089349503599217
229816.0,0.02544582063591012
230024.0,0.16567970287030354
230056.0,0.049917617890510205
230585.0,0.0682281367911158
230779.0,0.09634118904143583
231364.0,0.03421493074470407
231529.0,0.05176575072384359
231782.0,0.031435198620356625
232123.0,0.009345880643870819
232282.0,0.0877428247005616
232733.0,0.06081418897507747
232972.0,0.07749703617600227
232999.0,0.029295793841176435
233326.0,0.09752577935025541
233508.0,0.022066249087120873
233798.0,0.08046942186552271
233927.0,0.048915059330140155
234016.0,0.04875418268121281
234048.0,0.17458865449086383
234507.0,0.17141554055093683
234648.0,0.1292748764654579
234732.0,0.08581968321842315
234960.0,0.05039884307096268
235051.0,0.04834596560546971
235252.0,0.1557818486866025
235270.0,0.04336166262234043
235999.0,0.0161364906498962
236221.0,0.10748090377281858
236332.0,0.038533317737370225
236412.0,0.06639562999374646
236632.0,0.049408986397698765
236852.0,0.09274452398312921
237058.0,0.018050534728558814
237087.0,0.07989680259552723
237126.0,0.04601590220483669
237157.0,0.05005211039304656
237170.0,0.04143616987767277
237373.0,0.06692661510804025
237746.0,0.0441692103752739
237862.0,0.03704995794311184
237869.0,0.08960331374061509
237973.0,0.03747516295354524
238630.0,0.06991606866835236
239104.0,0.029538526900907948
239153.0,0.050925569386911826
239819.0,0.00890046197098038
240131.0,0.053895823643323126
240300.0,0.057959067342348375
240346.0,0.025725824273202514
240364.0,0.04563494573154418
240415.0,0.009544543539486703
240603.0,0.022251587790734734
240900.0,0.05496220503573487
241210.0,0.010598875912372178
241244.0,0.11852300064799089
241293.0,0.09549833154623008
241536.0,0.007230776027470295
241645.0,0.11963788322204813
241960.0,0.13532022186100942
242332.0,0.11724091660114234
242516.0,0.09477601464587612
242617.0,0.05817074606382733
242824.0,0.070000509102073
242877.0,0.04205905197963432
242879.0,0.014629955512063928
243590.0,0.01800071583008258
243734.0,0.0249045843573944
243874.0,0.03357771061564356
244112.0,0.04310821426644459
244266.0,0.05620318053495721
244298.0,0.08643768257749487
244560.0,0.07770864148272277
244703.0,0.013745638911426794
245502.0,0.05494939043963405
245717.0,0.019094306218729176
246705.0,0.029588758436989375
246833.0,0.07205448658038055
246835.0,0.07377041075213793
246947.0,0.03667072347210476
247092.0,0.03699622683795229
247497.0,0.12213122847249619
247567.0,0.10370777102057727
247672.0,0.07546233072801142
247701.0,0.010698323693487593
247867.0,0.0522488402734492
248212.0,0.0736458322306407
248327.0,0.022125079049407793
248330.0,0.020350323653341083
248472.0,0.07989490003542953
248509.0,0.02986024726459049
248891.0,0.02746060677300994
248931.0,0.08142156999850594
249000.0,0.04575607660152917
249151.0,0.11022897808052595
249269.0,0.04860629131758385
249532.0,0.07246664439210777
250095.0,0.06456832199128605
250098.0,0.06751560899134376
250246.0,0.05327937765455202
250312.0,0.19079074581019387
250377.0,0.07786105275007968
251064.0,0.06050940382989156
251233.0,0.0615286935115501
251324.0,0.09031999469014826
251378.0,0.056874944597161615
251422.0,0.04514978239600936
251599.0,0.1623485492490928
252032.0,0.14183231292460888
252054.0,0.00882564661538574
252092.0,0.026660383332562602
252312.0,0.029406472246404473
252713.0,0.050343759456131336
252870.0,0.09202934639460449
253447.0,0.11879796509726863
253488.0,0.16875256929660928
254161.0,0.05901082903248162
254376.0,0.09759933240005067
254671.0,0.06939933387979248
254722.0,0.06759246124938073
254835.0,0.0744988023105196
254843.0,0.14344549154464478
254940.0,0.056040982396276987
255096.0,0.12664849843764645
255253.0,0.06746506823840999
255526.0,0.0341706522188915
255733.0,0.026752821521930183
255738.0,0.19583771768659025
255766.0,0.03300885740966827
255829.0,0.02954049440094216
256114.0,0.11197984701326538
256177.0,0.031357910121208095
256431.0,0.04957541476840739
256519.0,0.017257144416412032
256663.0,0.020140739091084055
257066.0,0.05625651173699046
257872.0,0.04100813008567428
257932.0,0.07289537938500709
257940.0,0.06270537953330635
258127.0,0.10809030765924436
258338.0,0.04621291428259141
258841.0,0.1626739257578105
258887.0,0.014558101496529235
259194.0,0.031219830589526255
259223.0,0.037180207046733485
259286.0,0.03024906583024747
259822.0,0.13240275340982627
259867.0,0.0521099395634793
260359.0,0.04815677588302526
260469.0,0.0872587042672968
260721.0,0.16975582268563474
260959.0,0.11370391675000371
261248.0,0.035752220256332755
261450.0,0.016771677235221612
261653.0,0.04735426510077302
261798.0,0.036878960784090795
261835.0,0.031123335031408822
262084.0,0.14745959039100914
262362.0,0.0809657067065876
262559.0,0.09538267376814305
262845.0,0.027443415754196787
262847.0,0.024987152098239464
263016.0,0.07940387545101373
263059.0,0.11870757785838398
263414.0,0.08253735810657514
263561.0,0.06472146286161778
264010.0,0.05628750436091471
264338.0,0.06004623940300222
264491.0,0.05740297185065421
264505.0,0.09808110655857062
265134.0,0.05859841032171672
265314.0,0.025745850931017004
265760.0,0.053936209797856044
265879.0,0.041177567361394406
265976.0,0.05223971654118648
266072.0,0.024196202486715356
266333.0,0.10841592092987995
266644.0,0.022678300968468755
266674.0,0.16344858471130147
266805.0,0.031042780792004888
266848.0,0.07948032630172663
267108.0,0.05559614130474371
267228.0,0.021467881648597035
267662.0,0.08019489975576456
267999.0,0.06648676073300255
268301.0,0.09537386604625056
268495.0,0.02025072856537405
268546.0,0.03493771436479842
268714.0,0.06041408830970188
268817.0,0.043553907118878535
268822.0,0.03303771187607488
268913.0,0.062095704782418916
269704.0,0.03819802369688307
269749.0,0.11079517414585274
269993.0,0.012952980053481724
270170.0,0.07234911006533326
270337.0,0.015531842534904092
270393.0,0.08163086125651438
270473.0,0.05991802038504244
271314.0,0.03059206163600523
271565.0,0.02319832121369802
271746.0,0.036905335733697295
271806.0,0.02035091458730129
271911.0,0.1462246825502581
272180.0,0.09789013976588626
272192.0,0.06796159576760226
272697.0,0.1119342178891515
272717.0,0.02729609676818927
272757.0,0.051795530001347706
273087.0,0.03660222058263586
273428.0,0.04174086994068865
273584.0,0.045272801256553245
274193.0,0.10436703415282547
274359.0,0.04979506599256144
274364.0,0.052917897345581374
274389.0,0.03029465768167145
274541.0,0.11474328322721455
274774.0,0.023015432418554835
274791.0,0.01876809934050811
274894.0,0.0288533889639088
275503.0,0.028453998993002067
275783.0,0.07182384284440084
275900.0,0.060102548126724414
275995.0,0.05962878945888067
276446.0,0.028736192196062025
276525.0,0.11643045035326409
276622.0,0.07735351599188771
276717.0,0.060341412844659575
276966.0,0.05397790044961321
276987.0,0.04628513527658657
277162.0,0.0764090425368297
277336.0,0.0879944916515006
277432.0,0.09414536487608874
277592.0,0.0938603812813239
277717.0,0.0660918666060686
277874.0,0.07794310093463887
278113.0,0.036942392813443366
278252.0,0.05181102242517172
278613.0,0.05666220877627315
279001.0,0.07545373084215616
279186.0,0.056201377503048384
279556.0,0.05302992097510593
280322.0,0.04800824329434883
280725.0,0.049198352689680085
280857.0,0.029673243657114497
281176.0,0.05889150166642865
281227.0,0.021023839806263007
281337.0,0.03152934435146518
281593.0,0.05277464889425303
281730.0,0.09966584324056663
281831.0,0.03994271833522263
282108.0,0.025232456207125765
282226.0,0.02829173656502339
282292.0,0.06850575775734787
282446.0,0.07533497979288677
282485.0,0.05446471098391956
282678.0,0.019344645423351563
282890.0,0.051372676242088876
283202.0,0.07101967969683246
283310.0,0.027678094460357464
283390.0,0.08061308340315086
283635.0,0.050334538018717324
284003.0,0.10202214966263914
285245.0,0.027455065629196022
285695.0,0.015274386282685553
285721.0,0.10935469609679423
285831.0,0.07256452306457933
285847.0,0.05582172771439399
286696.0,0.053914062451267473
286705.0,0.0482971860989883
286747.0,0.042419387021056604
287049.0,0.06648475699424514
287050.0,0.06030198482497735
287208.0,0.035263172949030586
287280.0,0.08560873670478282
287397.0,0.03043525408391838
287450.0,0.07647598477884023
288111.0,0.046434169400763184
288167.0,0.01593415386156213
288564.0,0.03227879702836218
288780.0,0.024303033933518965
288961.0,0.015272436142080069
289040.0,0.013358304081574518
289499.0,0.06954647899875506
289531.0,0.009708499666953694
290074.0,0.1431718091722129
290492.0,0.04923041386049207
290644.0,0.08423811968091842
290852.0,0.01578682346323048
290884.0,0.07683820912845796
291359.0,0.05508203940062336
291396.0,0.052602947015179535
291465.0,0.010295552694763727
291513.0,0.04069447115963081
291697.0,0.1079372148544895
291872.0,0.051943350092972
292189.0,0.018998121199558893
292325.0,0.08955566528390009
292334.0,0.032753889456931314
292544.0,0.0617970597020045
292992.0,0.0363396566053445
293030.0,0.1616582194522724
293471.0,0.06332799856646669
294141.0,0.004743171179147092
294300.0,0.03088275848257453
294511.0,0.05739550943961631
294530.0,0.042886171298875064
294617.0,0.0218598424572053
294821.0,0.01084872833999502
295261.0,0.030494452349498345
295274.0,0.138063707782152
295879.0,0.02943335077828577
296541.0,0.08939814567290047
297025.0,0.04071304803705812
297033.0,0.11627565617451435
297100.0,0.07675599607341542
297171.0,0.03127975630189642
297363.0,0.05224926489323654
297515.0,0.012312716581041022
298312.0,0.07198178007414507
298792.0,0.01936067151626995
298896.0,0.2206734866293344
299310.0,0.038122994797665705
299501.0,0.06938731894902164
299730.0,0.024627612861098956
299891.0,0.018820944818129594
300188.0,0.0725827369782156
300221.0,0.06565580414063983
300354.0,0.019958649213778427
300420.0,0.054841375861562916
301093.0,0.006763065932621311
301137.0,0.052306610510373275
301252.0,0.07590247390848802
302166.0,0.04011208597055498
302303.0,0.04536216788972475
302309.0,0.10973006891618275
302638.0,0.05154920308756728
302885.0,0.02389953137958589
303162.0,0.029647870113932277
303728.0,0.009746397945057491
303777.0,0.06953575999892478
303857.0,0.011996119889173977
304182.0,0.10413093771368992
304361.0,0.09556960529347805
304517.0,0.019665760375007453
305229.0,0.0909473411080601
305447.0,0.04977859061391232
305450.0,0.05353567256838596
305571.0,0.023625747793575656
305699.0,0.1509145576773968
305776.0,0.02212956059364295
305915.0,0.14285506891850352
305965.0,0.06960689646469338
306144.0,0.09705390877359849
306345.0,0.09257855992730607
306873.0,0.014668061421403493
306930.0,0.03880852461046925
307205.0,0.024920870006518846
308176.0,0.025747758418424357
308509.0,0.06831145274589773
308623.0,0.08113665813043337
308738.0,0.032165891187037145
308881.0,0.04196068908625188
308903.0,0.09723772848188975
309161.0,0.049422029667523286
309195.0,0.06829425672488969
309280.0,0.05312898666374784
309694.0,0.039881701668178955
309729.0,0.0220903855683297
309744.0,0.03911972507632255
309837.0,0.029057078639016364
309879.0,0.021952802385004237
310062.0,0.0709657912651423
310166.0,0.07038478377793944
310343.0,0.06974613966129144
310556.0,0.12946536349010618
310775.0,0.017100905643592568
311220.0,0.13639978132636657
311241.0,0.03254353319646219
311298.0,0.013477842560714076
311409.0,0.08550652020376784
312049.0,0.01753474378570178
312197.0,0.024912699731875217
312428.0,0.053366533617732796
312579.0,0.05200941315307337
312845.0,0.04314321456364925
313131.0,0.028915712256997374
313336.0,0.07334873909707282
313736.0,0.10214124255777442
313776.0,0.10612124872128458
314031.0,0.04714247782992494
314220.0,0.0571786811835324
314856.0,0.07558526954606729
314961.0,0.04745865157308132
315083.0,0.03380558162159619
315125.0,0.031364805071826145
315233.0,0.031170354354026306
315244.0,0.02469136087634655
315278.0,0.06237161086070365
315430.0,0.07196866027299237
315540.0,0.07162199440642014
316118.0,0.04073191479601418
316226.0,0.016918600143424344
316270.0,0.06943811104041743
316435.0,0.013071798984072564
317119.0,0.023383015142613324
317126.0,0.06817146031524227
317142.0,0.02031021756067973
317332.0,0.011319379273472669
317346.0,0.05786406594471076
317410.0,0.03443810505291204
318019.0,0.01772171699766568
318056.0,0.10036933718783271
318360.0,0.02535007161803522
318384.0,0.011681653583219709
318467.0,0.08689456036944783
318533.0,0.11517208718506315
319099.0,0.053504903236485324
319193.0,0.013094132648444353
319365.0,0.017764321422946715
320012.0,0.09455601258699334
320341.0,0.04944032476894775
320429.0,0.05242471140555199
320478.0,0.034437615649264855
320789.0,0.01911379784205662
320793.0,0.0715419666132929
320960.0,0.03690493051456221
321223.0,0.05516612683737651
321226.0,0.0328215315739238
321564.0,0.043330316645523205
321922.0,0.029871438453860397
321985.0,0.016390299926179856
322136.0,0.05598774176269121
322242.0,0.020213557265572325
322285.0,0.041156094414293486
322578.0,0.04929838719694819
322845.0,0.058882747140984605
322950.0,0.019100178978874147
323176.0,0.06431535882665762
323436.0,0.0447635527099816
323518.0,0.02513109068053841
323636.0,0.05066729362239858
323670.0,0.04022400814765539
323871.0,0.09426339764046424
323920.0,0.04742482341013859
324983.0,0.02326580602485053
325360.0,0.030329177744052725
325969.0,0.027117570553243597
326516.0,0.03251656832934855
327350.0,0.04179924854321052
327408.0,0.03509053429144901
327415.0,0.05350292573663204
327750.0,0.04331794845077114
328150.0,0.14670465731036683
328535.0,0.03977454074648406
328571.0,0.039132872399363444
328829.0,0.06275025903930846
329553.0,0.012660993173357442
329611.0,0.1224124369514529
329709.0,0.08108273959048072
329799.0,0.013518890340560879
329988.0,0.0696815491382315
330364.0,0.07049719429954315
330617.0,0.020223008631030763
330837.0,0.03147658771559761
330890.0,0.038558088620031905
331037.0,0.026104365157883256
331171.0,0.05919547441945153
331431.0,0.052191641934146375
331657.0,0.04697589106046848
331977.0,0.0649734688612027
332298.0,0.043419569213063586
332456.0,0.02270925594962236
332628.0,0.040236669497463864
333073.0,0.01248199086868277
333179.0,0.08588237437759848
333224.0,0.02035366624141991
333292.0,0.08642009627329118
333354.0,0.04455322924535977
333356.0,0.04104897647714759
333513.0,0.10058055746520464
333688.0,0.0751804774986624
334074.0,0.0327918058992466
334252.0,0.10687791564180682
334580.0,0.03985412077560373
334764.0,0.08247652309974869
335136.0,0.07426186329841537
335683.0,0.06690336293462684
335779.0,0.036086486624265494
335815.0,0.126414930012462
335973.0,0.02178303407248828
336418.0,0.0797617871463535
336693.0,0.010344424272201294
336711.0,0.01637795107227695
336903.0,0.009362878010485383
336966.0,0.10468350281720659
337105.0,0.02920902754303023
337746.0,0.028801473689800388
337864.0,0.11971349529947106
338250.0,0.02813754270986522
338290.0,0.033237363355884106
338318.0,0.05587549996698072
338465.0,0.007114072212870882
338539.0,0.041710877458142205
339079.0,0.05914026677959901
339621.0,0.04480220924547489
339625.0,0.0895195560886032
339814.0,0.0618565542026052
340012.0,0.02016384366748178
340041.0,0.05281313493537214
340198.0,0.07485390505151775
340486.0,0.05232576845433255
340778.0,0.09109954318242267
341406.0,0.03163309878267377
341717.0,0.0485922776289792
341758.0,0.03437426691642771
341823.0,0.047545095755698964
341967.0,0.06753421084336281
342222.0,0.022949364261279397
342377.0,0.006737616030792905
342794.0,0.04028857737378982
342799.0,0.019815005344822226
342870.0,0.07749151032462995
343226.0,0.040460317586541186
343365.0,0.030414910248707773
343412.0,0.022950039120900177
343730.0,0.11201895119131983
344004.0,0.06293790833564337
344060.0,0.018143166659677325
344297.0,0.05891921340072131
344299.0,0.039317723487634
344359.0,0.04884801925575668
344568.0,0.0634493770461545
344772.0,0.015345165377742576
344793.0,0.045339251251103975
344883.0,0.09761182835706703
344913.0,0.03872140618415665
345078.0,0.11271292229662085
345184.0,0.03244151217907671
345643.0,0.03586080243811832
345843.0,0.05610808041308635
345853.0,0.04218969384337741
345854.0,0.020097398051021384
345906.0,0.06077682225865762
345941.0,0.04002280998212668
346150.0,0.11702847497122132
346213.0,0.050165265924310705
346546.0,0.060194519974624446
346723.0,0.031174196334257262
347556.0,0.04618820120959627
347583.0,0.033320167810000065
348066.0,0.06653449700027307
348158.0,0.03127054894301297
348176.0,0.0955056204587967
348217.0,0.09476959720336586
348249.0,0.030706540667461986
348554.0,0.083272425634079
348849.0,0.03165422942969882
348985.0,0.077393280692951
348989.0,0.05372567991015732
349006.0,0.053744317261775976
349101.0,0.028170147218987716
349248.0,0.08412195516061192
349320.0,0.0836408086824026
349589.0,0.024718400775942253
349778.0,0.08906944302814504
349886.0,0.029417900164538494
349971.0,0.07837461788311686
350114.0,0.03495725546031391
350283.0,0.04457291472928044
351386.0,0.02548779211084595
351489.0,0.05096135751146281
351747.0,0.059707962539914165
351819.0,0.1186982610281441
351839.0,0.03572841466386753
352391.0,0.04732093099952393
352501.0,0.1502452640723203
352962.0,0.029994441631328708
353014.0,0.0888606914641897
353122.0,0.04830723691109101
353259.0,0.050600988790190066
353483.0,0.05508121215538237
353860.0,0.08135121436158739
354335.0,0.07387849120440723
354612.0,0.12058493201839417
354757.0,0.03234918084515904
355043.0,0.012269843278143394
355090.0,0.04400365880150776
355180.0,0.05643014816591353
355201.0,0.04686365916632822
355503.0,0.08761618846699094
355736.0,0.09393065835228123
355876.0,0.07794445353508113
355942.0,0.10499081751578129
355963.0,0.03639119392312568
355973.0,0.07971972852468055
356164.0,0.009082140340501544
356497.0,0.025334468998589377
356517.0,0.06976944656110914
356597.0,0.030861097767073305
356627.0,0.028194247868396933
356762.0,0.006321437442265856
357824.0,0.03674036520255342
357869.0,0.004521859863609194
357927.0,0.08157278690552285
358424.0,0.046313798352538973
358994.0,0.022239409262386597
359105.0,0.09593005175776095
359212.0,0.10932205450253692
359294.0,0.06202312989910964
359711.0,0.0899123836107638
359773.0,0.07027162639511784
359921.0,0.057709823710403396
360095.0,0.03511068139722881
360141.0,0.026385872017595766
360249.0,0.15948862446583184
360467.0,0.09894132641996628
360727.0,0.04552098066531354
361171.0,0.12701789915681547
361334.0,0.06339332675987919
361811.0,0.06643873904710786
362091.0,0.06961504221873144
362166.0,0.04954153502954524
362221.0,0.13839755168212287
362332.0,0.03421200098789475
362373.0,0.06000257576796816
362702.0,0.04201752559854467
363106.0,0.048751923152871246
363158.0,0.0206815755956354
363210.0,0.031872447176577494
363231.0,0.069730165465458
363243.0,0.05610567326648676
363422.0,0.019730622669750425
363782.0,0.059839401186490185
363881.0,0.044431095521837605
364152.0,0.010392603808172614
364312.0,0.07541971397624607
364538.0,0.04196853051362514
364738.0,0.07415799447491686
365317.0,0.04489013225277185
365946.0,0.10475923081147899
365965.0,0.06737186179117799
366112.0,0.026716512466765128
366213.0,0.057552633255926106
366332.0,0.07483437521560596
366595.0,0.03960803607783754
366649.0,0.04938198297412059
366676.0,0.025600556798738204
366884.0,0.05788003032827238
366908.0,0.057673579632341876
366952.0,0.05501303708046299
367526.0,0.09237340830535526
367739.0,0.07009052682688076
367787.0,0.09463539578602558
367896.0,0.045541498052367645
368079.0,0.06526983423537976
368392.0,0.0747468637778987
368436.0,0.0174629166103513
368683.0,0.041741806696230455
369004.0,0.02501167085864815
369130.0,0.06046363418668038
369361.0,0.0425730665857755
369583.0,0.026823294449158062
369701.0,0.08417377973911494
370255.0,0.07415641483148085
370273.0,0.10999324443550297
370392.0,0.04883799310693302
370609.0,0.09248443001086724
370887.0,0.032982081332150165
370939.0,0.02186511409894056
371073.0,0.06630891335119993
371288.0,0.024112938120975966
371469.0,0.028610219954770595
371955.0,0.07108861145384458
372644.0,0.047672401699197745
372704.0,0.038607007655086054
372894.0,0.032380085047148476
373138.0,0.08937237500646743
373390.0,0.038794925588599274
373474.0,0.08348991844087632
373545.0,0.019073601390672722
373600.0,0.05900893137045223
373624.0,0.0304925298651789
374559.0,0.055419279247410684
374951.0,0.09497495071036881
375041.0,0.05314437297688877
375970.0,0.016365543607896264
376090.0,0.03417888479414949
376347.0,0.08271001988240956
376491.0,0.04064852265517815
376498.0,0.06181042196198811
376618.0,0.03899024846339059
376635.0,0.022387380216696846
376732.0,0.020247646201062546
376804.0,0.020321251288995985
377427.0,0.15742625724745432
377765.0,0.03794333756871351
377768.0,0.05026626640359476
377930.0,0.005210751108751693
378116.0,0.1032761362634727
378317.0,0.024232122949082897
378322.0,0.06272045777629734
378354.0,0.042627775457662484
379089.0,0.03172130213475744
379491.0,0.05240015793023038
379503.0,0.03831032206592897
379730.0,0.02381585273459782
381178.0,0.08644091126610767
381435.0,0.04357389063849435
381459.0,0.03211769192365009
381728.0,0.0379073322666254
381735.0,0.04926488668253385
382147.0,0.018196683728805372
382164.0,0.052080721777007524
382872.0,0.02411100668011732
383443.0,0.06947406793587792
383447.0,0.03575799257772481
384212.0,0.047646766080504624
384221.0,0.026088858949445716
384759.0,0.021336553243302695
384882.0,0.11562804151725185
385571.0,0.029329449089226155
385906.0,0.04961224296325713
386198.0,0.057682970311155525
386286.0,0.04771509372031877
386773.0,0.027206174514430862
387371.0,0.0736273052111453
387424.0,0.040900230068410565
388187.0,0.1326106807231944
388191.0,0.051781327568239395
388216.0,0.015602447551155448
388273.0,0.026321186919001014
388872.0,0.04473758059145085
388986.0,0.034537084651611524
389371.0,0.07088392309375349
389481.0,0.018485941005404936
389509.0,0.03505327747413251
389619.0,0.06151626426673639
389823.0,0.18136951976037485
390781.0,0.11841743102424851
391034.0,0.05411008192176412
391043.0,0.04937167034832316
391741.0,0.023947922400750915
391766.0,0.08625733999879182
392013.0,0.008263290965375683
392293.0,0.08200244030424396
392424.0,0.038568538337236835
392474.0,0.010464351478697132
392800.0,0.0866685838596603
393012.0,0.03765793119404977
393168.0,0.0458800294288929
393454.0,0.058735118492109314
393708.0,0.058346888742475234
393884.0,0.048566237388578314
393894.0,0.022385063095672196
393959.0,0.07202490270526392
394180.0,0.08135627348985867
394467.0,0.01053186125181779
394506.0,0.03431349782525027
394510.0,0.029745731534791223
394579.0,0.022992018307070435
394642.0,0.05263143241546159
394904.0,0.10636671252075992
395131.0,0.05041215259396024
395771.0,0.011399822127356324
396087.0,0.03611416201609294
396420.0,0.03983523691373404
396428.0,0.034695429336358045
396518.0,0.05202546378392709
397213.0,0.12475832934870394
397494.0,0.06312787599653419
397609.0,0.023317506411770664
397900.0,0.061286386918809936
398103.0,0.020282345084678337
398344.0,0.08927371538419147
399622.0,0.0594726702452273
399768.0,0.032431413821236973
399832.0,0.03313974295664773
399876.0,0.20013446701133128
399935.0,0.053657377094151484
399936.0,0.03419339193067896
399953.0,0.02385500478869956
400119.0,0.08463379242801251
400468.0,0.0609455087210386
400589.0,0.05688169646711075
400642.0,0.03760298327736028
400750.0,0.045312789706491725
401073.0,0.09634206067504238
401172.0,0.021669614181675827
401625.0,0.0987138963748082
401989.0,0.07146281761790807
402201.0,0.019133060642831882
402696.0,0.023645064108215957
402808.0,0.08174910924714295
402980.0,0.050044256761166944
403255.0,0.043701946404454795
403349.0,0.028014399429535354
403376.0,0.017081312371438465
403501.0,0.07001447556471832
403705.0,0.044454739853759605
403770.0,0.05280656666251189
403811.0,0.018901648322619306
403957.0,0.10691546784205351
404323.0,0.01043215419486422
404462.0,0.04937005536515832
404477.0,0.07387700568685238
404595.0,0.037557269894134986
405018.0,0.046734029213748425
405362.0,0.027603903788739954
405438.0,0.05723635374439476
405512.0,0.008154051222981951
405818.0,0.04074270739062931
405871.0,0.047243475876261536
405966.0,0.034816104181017264
405992.0,0.03684073755749879
406007.0,0.044801712589100026
406052.0,0.07289943786915612
406139.0,0.01152745390049925
406177.0,0.034665215280385714
406210.0,0.035660466342564534
406863.0,0.036617506494507214
406941.0,0.05961465956732661
407061.0,0.04649415850014342
407324.0,0.13712521702869476
407454.0,0.08902744524524069
407669.0,0.0449894488437307
407783.0,0.030471996132340622
408393.0,0.026107690232776516
408581.0,0.02693097463080947
408599.0,0.07377388882402992
408616.0,0.11031503517958302
408780.0,0.016558557614279146
408968.0,0.015654716094215402
409015.0,0.03164631518127202
409068.0,0.03193874112246007
409080.0,0.0223767930338004
409156.0,0.07626995843120626
409213.0,0.030399367563157635
409277.0,0.021496007971825125
409507.0,0.06746421081377908
409538.0,0.03249181066003024
409574.0,0.045978728549336594
410073.0,0.007630359601047587
410093.0,0.06539042275636624
410256.0,0.13335971166207075
410305.0,0.011721106848063483
410595.0,0.025750154721356583
410955.0,0.06139629428302004
411030.0,0.05692391031828748
411081.0,0.06780188801555048
411248.0,0.030886118609672157
411300.0,0.04097514571191844
411502.0,0.07293058743622224
411634.0,0.047217378333954126
411668.0,0.04112896395453578
411755.0,0.027460477802798543
411842.0,0.03794568615059653
412220.0,0.007965207410815689
412391.0,0.03902246789266196
412393.0,0.03636852183158233
412741.0,0.01829808851975707
413034.0,0.05498820829112347
413107.0,0.034154958662195374
413124.0,0.016092304694262483
413145.0,0.057531273679665505
413376.0,0.06668353805207444
413549.0,0.04901264814097516
413730.0,0.09927039705862403
413797.0,0.026874458368182527
413834.0,0.03477995285564161
413971.0,0.026661633457944728
414076.0,0.0375701493819867
414486.0,0.01906617733492553
414492.0,0.051707876146548856
414501.0,0.05179003989005731
414543.0,0.04720387622136758
414585.0,0.02251156152064524
414785.0,0.11112340215713702
414979.0,0.034180937980005606
415071.0,0.022319954583029
415493.0,0.09355575227287656
415737.0,0.02800458518955575
416129.0,0.07766580135397234
416272.0,0.0033901053170664807
416277.0,0.059744737679648746
416292.0,0.1049223984393996
416582.0,0.08395141079617437
416721.0,0.0045776952883357005
417043.0,0.09162005506148023
417259.0,0.02024635231091707
417264.0,0.02845530894651408
417976.0,0.06666515154688907
418012.0,0.06665302810818545
419821.0,0.04705288250245824
419826.0,0.08628219151137373
419956.0,0.04951769543312905
420195.0,0.08302799846536706
420255.0,0.04351901200994882
420365.0,0.053860877259556905
420634.0,0.025349034827463944
420787.0,0.06986218719703345
420843.0,0.09848637877505804
421355.0,0.07743633320513883
421356.0,0.04857802733581388
421979.0,0.020727429369300155
421991.0,0.004915657352479675
422001.0,0.11586512770652548
422519.0,0.012299206844651673
422525.0,0.024206633904820005
422534.0,0.021427243175643873
422962.0,0.0132192575959971
423228.0,0.03420531425280595
423672.0,0.019739698915167674
423720.0,0.029709069427892976
423737.0,0.037850406818961894
423894.0,0.021528448780083868
424207.0,0.0743650325909174
424236.0,0.04221286909957779
424252.0,0.07242565660109122
424784.0,0.02051370384238248
425371.0,0.0502568490130379
425383.0,0.01331366473632843
425394.0,0.06051222166536244
425438.0,0.03339715467428056
426631.0,0.02785690676506616
427071.0,0.07683056642364683
427128.0,0.06389244095092478
427132.0,0.04179266416671739
427133.0,0.061332926407278256
427149.0,0.06684915527528816
427161.0,0.08760821623852778
427575.0,0.0713860310916837
427649.0,0.008116189125514367
428237.0,0.050733346429269306
428312.0,0.06674010863976347
428423.0,0.05840435808209861
428701.0,0.07520753098135564
428778.0,0.10136126952691228
428907.0,0.09118478854573839
429037.0,0.06546663793256877
429359.0,0.05709371440574363
430156.0,0.04095106154268893
430301.0,0.05252420935175621
430549.0,0.10843824643409909
430876.0,0.038911707599910667
431114.0,0.08194358617297966
431144.0,0.03547815871991206
431593.0,0.04108240528545211
431630.0,0.05235080217104782
432070.0,0.012000402366865646
432271.0,0.07052198455411321
432384.0,0.044424394406205756
432639.0,0.03731736543088583
432648.0,0.0028581427898025143
432719.0,0.024434729642827297
433789.0,0.02504457440728038
433853.0,0.02069599942583467
434730.0,0.037634948853463225
435179.0,0.026598912477300375
435222.0,0.03848949266703307
435470.0,0.011802098663621741
435773.0,0.08868312774135323
436026.0,0.047275302039073465
436113.0,0.06158548785214569
436159.0,0.039488245369826626
436183.0,0.013537552180856217
436260.0,0.08305105719061957
436378.0,0.07878249572239783
436721.0,0.031904948500885474
437123.0,0.012205805815597224
437156.0,0.05629794568925406
437235.0,0.04019673849410746
438090.0,0.029516748115320807
438308.0,0.048149927400186116
438368.0,0.027441347414324257
438402.0,0.06853413422931934
438570.0,0.01961090585612806
438659.0,0.039629895381241745
438660.0,0.0923753242939652
439013.0,0.014627850251162741
439017.0,0.04223348507488815
439400.0,0.044834315548192304
439448.0,0.05496619013271757
439549.0,0.04049477818315894
439558.0,0.03201881989678364
439911.0,0.05619307283097823
440292.0,0.025595920950316247
440397.0,0.03946990485129652
440408.0,0.053799554331253656
440923.0,0.028550737411349763
441082.0,0.04822634000563059
441091.0,0.09470184396178467
441701.0,0.08777861715755386
441998.0,0.05722990076304707
442013.0,0.009983037401333337
442479.0,0.04738558807803869
442504.0,0.07678825791030831
442613.0,0.06638428955674172
442662.0,0.03954607443876023
442672.0,0.04252684475212062
442875.0,0.02474491472841464
442905.0,0.06506499299593102
442949.0,0.06643595100785563
443352.0,0.04455337242027447
443368.0,0.0178244583880103
443392.0,0.0016493436952413189
443637.0,0.04265656207187698
443868.0,0.07098033669111613
443935.0,0.03183559653504849
443996.0,0.02318489591441653
444182.0,0.03996981414033925
444240.0,0.03994873366240493
444384.0,0.04659229841940535
444434.0,0.0598099999492515
444611.0,0.046063444568253946
444729.0,0.03659720057709077
444986.0,0.05786967439652463
445076.0,0.022531699051776516
445401.0,0.039129587827527595
445856.0,0.04587410211149857
445993.0,0.0485906530428277
446407.0,0.06890319715134198
446509.0,0.02303495482161896
446684.0,0.08247656741175671
446694.0,0.032722801382441165
446812.0,0.042237234028446584
446813.0,0.05498732810626938
447293.0,0.03887546140043273
447425.0,0.06596304579987115
447467.0,0.03456244109692809
447496.0,0.05049305939770394
447575.0,0.07372011038518254
447601.0,0.01573954215273653
447621.0,0.019108353848153146
447708.0,0.038596206461322016
448284.0,0.025640938132225486
448340.0,0.03789953952533355
448601.0,0.01830608491227538
448669.0,0.04230821993789552
448817.0,0.04215041323627957
448967.0,0.06270434429943098
449160.0,0.0673648295950957
449502.0,0.014540680656785373
449556.0,0.06375027094155811
449636.0,0.07416795816414344
449792.0,0.029975272574666114
450004.0,0.0761128221751153
450229.0,0.034804928641261806
450820.0,0.007541997252011697
451063.0,0.02775660709431697
451282.0,0.108596767308474
451855.0,0.04762411534742574
452422.0,0.026926265563424034
452455.0,0.052194130380885606
452644.0,0.0505868691604993
453538.0,0.03395608307674153
453704.0,0.017793398633413865
453709.0,0.04124424165602918
453774.0,0.006391830277932637
453797.0,0.031991018689121166
454023.0,0.04174473654051272
454052.0,0.02631885135712774
454334.0,0.025819547397886992
454557.0,0.013434939173566942
454640.0,0.06024123102525335
454835.0,0.03370919615026274
455126.0,0.05588073969876439
455243.0,0.08177013164157781
455607.0,0.009741258403044222
455703.0,0.05765131379960394
455940.0,0.07288168751581629
455959.0,0.042960968833296205
